use cinema;

create table if not exists cashier
(
    id         int auto_increment
        primary key,
    name       varchar(300) not null,
    birth_date date         not null,
    constraint id_UNIQUE
        unique (id)
);

create table if not exists movie
(
    id           int auto_increment
        primary key,
    title        varchar(300) not null,
    budget       int          not null,
    duration     int          not null,
    publish_date date         not null,
    price        int          not null,
    constraint id_UNIQUE
        unique (id)
);

create table if not exists user
(
    id       int auto_increment
        primary key,
    username varchar(300) not null,
    password longtext     not null,
    status   varchar(300) not null,
    constraint id_UNIQUE
        unique (id)
);

create table if not exists viewer
(
    id         int auto_increment
        primary key,
    name       varchar(300) not null,
    birth_date date         not null,
    constraint id_UNIQUE
        unique (id)
);

create table if not exists sale
(
    id         int auto_increment
        primary key,
    cashier_id int  not null,
    viewer_id  int  not null,
    movie_id   int  not null,
    date       date not null,
    constraint id_UNIQUE
        unique (id),
    constraint cashier_id
        foreign key (cashier_id) references cashier (id)
            on update cascade on delete cascade,
    constraint movie_id
        foreign key (movie_id) references movie (id)
            on update cascade on delete cascade,
    constraint viewer_id
        foreign key (viewer_id) references viewer (id)
            on update cascade on delete cascade
);

create index cashier_id_idx
    on sale (cashier_id);

create index movie_id_idx
    on sale (movie_id);

create index viewer_id_idx
    on sale (viewer_id);
    
INSERT INTO viewer (id, name, birth_date) VALUES (530, 'Макаров Гавриил Фролович', '2019-12-30');
INSERT INTO viewer (id, name, birth_date) VALUES (531, 'Мухин Тарас Куприянович', '2000-05-04');
INSERT INTO viewer (id, name, birth_date) VALUES (532, 'Галкин Дональд Александрович', '1973-12-18');
INSERT INTO viewer (id, name, birth_date) VALUES (533, 'Соболев Ефим Рудольфович', '1983-09-06');
INSERT INTO viewer (id, name, birth_date) VALUES (534, 'Горбунов Валерий Ростиславович', '1974-11-19');
INSERT INTO viewer (id, name, birth_date) VALUES (535, 'Лапин Парамон Всеволодович', '1977-04-01');
INSERT INTO viewer (id, name, birth_date) VALUES (536, 'Третьяков Григорий Тарасович', '1975-09-20');
INSERT INTO viewer (id, name, birth_date) VALUES (537, 'Дмитриев Денис Лукьевич', '2009-03-29');
INSERT INTO viewer (id, name, birth_date) VALUES (538, 'Лазарев Петр Ростиславович', '2019-08-08');
INSERT INTO viewer (id, name, birth_date) VALUES (539, 'Силин Казимир Максович', '1991-02-18');
INSERT INTO viewer (id, name, birth_date) VALUES (540, 'Гаврилов Вилли Семёнович', '1975-04-06');
INSERT INTO viewer (id, name, birth_date) VALUES (541, 'Третьяков Емельян Онисимович', '2023-08-30');
INSERT INTO viewer (id, name, birth_date) VALUES (542, 'Соколов Вилли Ростиславович', '2009-11-18');
INSERT INTO viewer (id, name, birth_date) VALUES (543, 'Щербаков Геннадий Всеволодович', '2012-12-30');
INSERT INTO viewer (id, name, birth_date) VALUES (544, 'Орехов Богдан Тимофеевич', '2022-08-30');
INSERT INTO viewer (id, name, birth_date) VALUES (545, 'Медведев Болеслав Никитевич', '1973-07-15');
INSERT INTO viewer (id, name, birth_date) VALUES (546, 'Селиверстов Остап Геннадьевич', '1977-06-11');
INSERT INTO viewer (id, name, birth_date) VALUES (547, 'Михеев Августин Егорович', '2023-09-27');
INSERT INTO viewer (id, name, birth_date) VALUES (548, 'Козлов Иван Лукьянович', '2010-01-29');
INSERT INTO viewer (id, name, birth_date) VALUES (549, 'Молчанов Венедикт Семенович', '1985-12-17');
INSERT INTO viewer (id, name, birth_date) VALUES (550, 'Кудряшов Семен Семенович', '1988-06-11');
INSERT INTO viewer (id, name, birth_date) VALUES (551, 'Михайлов Эрик Евсеевич', '1975-09-02');
INSERT INTO viewer (id, name, birth_date) VALUES (552, 'Мышкин Семен Станиславович', '2005-12-19');
INSERT INTO viewer (id, name, birth_date) VALUES (553, 'Савельев Ростислав Лаврентьевич', '2004-11-30');
INSERT INTO viewer (id, name, birth_date) VALUES (554, 'Капустин Зиновий Тарасович', '1968-04-16');
INSERT INTO viewer (id, name, birth_date) VALUES (555, 'Константинов Орест Васильевич', '1996-07-22');
INSERT INTO viewer (id, name, birth_date) VALUES (556, 'Силин Константин Улебович', '2022-12-08');
INSERT INTO viewer (id, name, birth_date) VALUES (557, 'Иванов Ким Семенович', '1971-05-01');
INSERT INTO viewer (id, name, birth_date) VALUES (558, 'Рыбаков Юлий Богданович', '1981-10-15');
INSERT INTO viewer (id, name, birth_date) VALUES (559, 'Гришин Александр Макарович', '2021-04-08');
INSERT INTO viewer (id, name, birth_date) VALUES (560, 'Куликов Ян Витальевич', '1981-08-28');
INSERT INTO viewer (id, name, birth_date) VALUES (561, 'Копылов Юлиан Эльдарович', '2009-12-06');
INSERT INTO viewer (id, name, birth_date) VALUES (562, 'Казаков Вячеслав Аркадьевич', '2020-03-20');
INSERT INTO viewer (id, name, birth_date) VALUES (563, 'Меркушев Игорь Демьянович', '2018-07-07');
INSERT INTO viewer (id, name, birth_date) VALUES (564, 'Константинов Никифор Парфеньевич', '2022-10-25');
INSERT INTO viewer (id, name, birth_date) VALUES (565, 'Цветков Рудольф Юлианович', '1980-04-17');
INSERT INTO viewer (id, name, birth_date) VALUES (566, 'Веселов Фрол Вячеславович', '1977-09-09');
INSERT INTO viewer (id, name, birth_date) VALUES (567, 'Шашков Игнатий Давидович', '2015-09-19');
INSERT INTO viewer (id, name, birth_date) VALUES (568, 'Ситников Гурий Натанович', '1967-02-16');
INSERT INTO viewer (id, name, birth_date) VALUES (569, 'Шашков Нинель Наумович', '2018-12-19');
INSERT INTO viewer (id, name, birth_date) VALUES (570, 'Мельников Клемент Улебович', '1987-11-12');
INSERT INTO viewer (id, name, birth_date) VALUES (571, 'Сорокин Иван Юрьевич', '1973-10-02');
INSERT INTO viewer (id, name, birth_date) VALUES (572, 'Кузьмин Феликс Пётрович', '1985-06-21');
INSERT INTO viewer (id, name, birth_date) VALUES (573, 'Калинин Гарри Кимович', '1976-11-05');
INSERT INTO viewer (id, name, birth_date) VALUES (574, 'Кононов Александр Дмитрьевич', '1998-03-20');
INSERT INTO viewer (id, name, birth_date) VALUES (575, 'Зимин Венедикт Витальевич', '1981-02-25');
INSERT INTO viewer (id, name, birth_date) VALUES (576, 'Андреев Варлам Львович', '2002-11-28');
INSERT INTO viewer (id, name, birth_date) VALUES (577, 'Шаров Аверкий Игнатьевич', '1975-08-10');
INSERT INTO viewer (id, name, birth_date) VALUES (578, 'Комиссаров Ермак Дмитриевич', '2000-03-19');
INSERT INTO viewer (id, name, birth_date) VALUES (579, 'Кузнецов Аверьян Сергеевич', '2001-05-16');
INSERT INTO viewer (id, name, birth_date) VALUES (580, 'Романов Мстислав Адольфович', '1981-06-07');
INSERT INTO viewer (id, name, birth_date) VALUES (581, 'Вишняков Михаил Эдуардович', '2007-04-11');
INSERT INTO viewer (id, name, birth_date) VALUES (582, 'Морозов Роберт Ефимович', '1989-10-14');
INSERT INTO viewer (id, name, birth_date) VALUES (583, 'Селезнёв Антон Феликсович', '1978-04-14');
INSERT INTO viewer (id, name, birth_date) VALUES (584, 'Дорофеев Марк Федорович', '1981-07-19');
INSERT INTO viewer (id, name, birth_date) VALUES (585, 'Романов Мирон Гордеевич', '2023-03-08');
INSERT INTO viewer (id, name, birth_date) VALUES (586, 'Ковалёв Герман Федосеевич', '2001-04-04');
INSERT INTO viewer (id, name, birth_date) VALUES (587, 'Тихонов Степан Николаевич', '2012-11-10');
INSERT INTO viewer (id, name, birth_date) VALUES (588, 'Журавлёв Юлиан Богуславович', '2018-11-05');
INSERT INTO viewer (id, name, birth_date) VALUES (589, 'Зуев Севастьян Евсеевич', '2016-11-26');
INSERT INTO viewer (id, name, birth_date) VALUES (590, 'Беляков Вениамин Семенович', '2017-04-05');
INSERT INTO viewer (id, name, birth_date) VALUES (591, 'Мухин Аввакум Владленович', '2004-02-22');
INSERT INTO viewer (id, name, birth_date) VALUES (592, 'Марков Витольд Наумович', '1988-06-24');
INSERT INTO viewer (id, name, birth_date) VALUES (593, 'Емельянов Нисон Русланович', '1976-05-28');
INSERT INTO viewer (id, name, birth_date) VALUES (594, 'Щербаков Павел Мэлсович', '2023-12-19');
INSERT INTO viewer (id, name, birth_date) VALUES (595, 'Фомичёв Даниил Федорович', '2000-12-07');
INSERT INTO viewer (id, name, birth_date) VALUES (596, 'Терентьев Арсений Филатович', '2006-06-28');
INSERT INTO viewer (id, name, birth_date) VALUES (597, 'Алексеев Дмитрий Гордеевич', '2009-09-10');
INSERT INTO viewer (id, name, birth_date) VALUES (598, 'Горбунов Игорь Рубенович', '2008-05-04');
INSERT INTO viewer (id, name, birth_date) VALUES (599, 'Комиссаров Марк Максимович', '1994-01-16');
INSERT INTO viewer (id, name, birth_date) VALUES (600, 'Веселов Самуил Богданович', '2011-12-04');
INSERT INTO viewer (id, name, birth_date) VALUES (601, 'Козлов Мечеслав Матвеевич', '1978-03-10');
INSERT INTO viewer (id, name, birth_date) VALUES (602, 'Елисеев Григорий Ярославович', '2008-07-30');
INSERT INTO viewer (id, name, birth_date) VALUES (603, 'Пахомов Роберт Геласьевич', '2000-11-17');
INSERT INTO viewer (id, name, birth_date) VALUES (604, 'Ефремов Лаврентий Тимофеевич', '2022-05-15');
INSERT INTO viewer (id, name, birth_date) VALUES (605, 'Мышкин Эрик Валерьянович', '1978-12-09');
INSERT INTO viewer (id, name, birth_date) VALUES (606, 'Журавлёв Аверьян Георгьевич', '1977-04-25');
INSERT INTO viewer (id, name, birth_date) VALUES (607, 'Киселёв Августин Вадимович', '2009-07-22');
INSERT INTO viewer (id, name, birth_date) VALUES (608, 'Силин Вилен Максович', '2003-01-22');
INSERT INTO viewer (id, name, birth_date) VALUES (609, 'Киселёв Макар Яковлевич', '2021-08-07');
INSERT INTO viewer (id, name, birth_date) VALUES (610, 'Тарасов Руслан Рудольфович', '1988-10-27');
INSERT INTO viewer (id, name, birth_date) VALUES (611, 'Беспалов Флор Егорович', '2017-12-03');
INSERT INTO viewer (id, name, birth_date) VALUES (612, 'Суворов Корнелий Степанович', '1994-01-30');
INSERT INTO viewer (id, name, birth_date) VALUES (613, 'Нестеров Дональд Демьянович', '1972-02-28');
INSERT INTO viewer (id, name, birth_date) VALUES (614, 'Никонов Ипполит Авксентьевич', '1968-05-16');
INSERT INTO viewer (id, name, birth_date) VALUES (615, 'Марков Арсен Тимурович', '2017-10-24');
INSERT INTO viewer (id, name, birth_date) VALUES (616, 'Буров Венедикт Авдеевич', '2007-09-10');

INSERT INTO movie (id, title, budget, duration, publish_date, price) VALUES (275, 'Шрэк', 60000000, 90, '2001-04-22', 790);
INSERT INTO movie (id, title, budget, duration, publish_date, price) VALUES (276, 'Великий диктатор', 2000000, 125, '1940-10-15', 890);
INSERT INTO movie (id, title, budget, duration, publish_date, price) VALUES (277, 'Похитители велосипедов', 133000, 89, '1948-11-21', 1290);
INSERT INTO movie (id, title, budget, duration, publish_date, price) VALUES (278, 'Паттон', 12000000, 172, '1970-02-04', 1450);
INSERT INTO movie (id, title, budget, duration, publish_date, price) VALUES (279, 'Африканская королева', 1000000, 105, '1951-12-26', 630);
INSERT INTO movie (id, title, budget, duration, publish_date, price) VALUES (280, 'Зеленая миля', 60000000, 189, '1999-12-06', 1000);
INSERT INTO movie (id, title, budget, duration, publish_date, price) VALUES (281, 'Бен-Гур', 15000000, 212, '1959-11-18', 760);
INSERT INTO movie (id, title, budget, duration, publish_date, price) VALUES (282, 'Это случилось однажды ночью', 325000, 105, '1934-02-18', 760);
INSERT INTO movie (id, title, budget, duration, publish_date, price) VALUES (283, 'Город бога', 3300000, 130, '2002-05-18', 1510);
INSERT INTO movie (id, title, budget, duration, publish_date, price) VALUES (284, 'Воспитание Крошки', 1073000, 102, '1938-02-16', 990);
INSERT INTO movie (id, title, budget, duration, publish_date, price) VALUES (285, 'Простая история', 10000000, 112, '1999-05-21', 680);
INSERT INTO movie (id, title, budget, duration, publish_date, price) VALUES (286, 'Хладнокровный Люк', 3200000, 126, '1967-11-01', 1140);
INSERT INTO movie (id, title, budget, duration, publish_date, price) VALUES (287, 'Терминатор 2: Судный день', 102000000, 137, '1991-07-01', 1110);
INSERT INTO movie (id, title, budget, duration, publish_date, price) VALUES (288, 'Гроздья гнева', 800000, 129, '1940-01-24', 790);
INSERT INTO movie (id, title, budget, duration, publish_date, price) VALUES (289, 'Звёздные войны: Эпизод 6 – Возвращение Джедая', 32500000, 131, '1983-05-23', 900);
INSERT INTO movie (id, title, budget, duration, publish_date, price) VALUES (290, 'Форрест Гамп', 55000000, 142, '1994-06-23', 860);
INSERT INTO movie (id, title, budget, duration, publish_date, price) VALUES (291, 'Мышьяк и старые кружева', 1120175, 118, '1944-09-01', 1390);
INSERT INTO movie (id, title, budget, duration, publish_date, price) VALUES (292, 'Дикая банда', 6000000, 145, '1969-05-01', 880);
INSERT INTO movie (id, title, budget, duration, publish_date, price) VALUES (293, 'Непрощенный', 14400000, 131, '1992-08-03', 790);
INSERT INTO movie (id, title, budget, duration, publish_date, price) VALUES (294, 'Рождественская история', 3300000, 93, '1983-11-18', 1300);
INSERT INTO movie (id, title, budget, duration, publish_date, price) VALUES (295, 'Ночь охотника', 795000, 92, '1955-07-26', 430);
INSERT INTO movie (id, title, budget, duration, publish_date, price) VALUES (296, 'Почти знаменит', 60000000, 123, '2000-09-08', 1060);
INSERT INTO movie (id, title, budget, duration, publish_date, price) VALUES (297, 'Молодой Франкенштейн', 2800000, 108, '1974-12-15', 1370);
INSERT INTO movie (id, title, budget, duration, publish_date, price) VALUES (298, 'Унесённые ветром', 3977000, 222, '1939-12-15', 1080);
INSERT INTO movie (id, title, budget, duration, publish_date, price) VALUES (299, 'Лагерь для военнопленных №17', 1661530, 115, '1953-05-29', 1020);
INSERT INTO movie (id, title, budget, duration, publish_date, price) VALUES (300, 'Корпорация монстров', 115000000, 92, '2001-10-28', 610);
INSERT INTO movie (id, title, budget, duration, publish_date, price) VALUES (301, 'Бильярдист', 2000000, 134, '1961-09-24', 380);
INSERT INTO movie (id, title, budget, duration, publish_date, price) VALUES (302, 'На Западном фронте без перемен', 1200000, 136, '1930-04-21', 1190);
INSERT INTO movie (id, title, budget, duration, publish_date, price) VALUES (303, 'Разговор', 1600000, 113, '1974-04-07', 390);
INSERT INTO movie (id, title, budget, duration, publish_date, price) VALUES (304, 'Быть Джоном Малковичем', 13000000, 113, '1999-09-02', 1500);
INSERT INTO movie (id, title, budget, duration, publish_date, price) VALUES (305, 'Человек-слон', 5000000, 125, '1980-10-02', 630);
INSERT INTO movie (id, title, budget, duration, publish_date, price) VALUES (306, 'Торжество', 1300000, 105, '1998-06-19', 380);
INSERT INTO movie (id, title, budget, duration, publish_date, price) VALUES (307, 'Малхолланд Драйв', 15000000, 147, '2001-05-16', 750);
INSERT INTO movie (id, title, budget, duration, publish_date, price) VALUES (308, 'Свой человек', 90000000, 157, '1999-10-28', 1360);
INSERT INTO movie (id, title, budget, duration, publish_date, price) VALUES (309, 'Взвод', 6000000, 120, '1986-12-19', 470);
INSERT INTO movie (id, title, budget, duration, publish_date, price) VALUES (310, 'Однажды в Америке', 30000000, 229, '1984-05-20', 1380);
INSERT INTO movie (id, title, budget, duration, publish_date, price) VALUES (311, 'Крепкий орешек', 28000000, 133, '1988-07-12', 900);
INSERT INTO movie (id, title, budget, duration, publish_date, price) VALUES (312, 'Индиана Джонс и последний крестовый поход', 48000000, 127, '1989-05-24', 980);
INSERT INTO movie (id, title, budget, duration, publish_date, price) VALUES (313, 'Гладиатор', 103000000, 155, '2000-05-01', 1220);
INSERT INTO movie (id, title, budget, duration, publish_date, price) VALUES (314, 'Спартак', 12000000, 197, '1960-10-06', 940);
INSERT INTO movie (id, title, budget, duration, publish_date, price) VALUES (315, 'Назад в будущее', 19000000, 116, '1985-07-03', 1400);
INSERT INTO movie (id, title, budget, duration, publish_date, price) VALUES (316, 'Магнолия', 37000000, 189, '1999-12-08', 1290);
INSERT INTO movie (id, title, budget, duration, publish_date, price) VALUES (317, 'Золотая лихорадка', 923000, 95, '1925-06-26', 960);
INSERT INTO movie (id, title, budget, duration, publish_date, price) VALUES (318, 'Отточенное лезвие', 1000000, 135, '1996-08-30', 1300);

INSERT INTO cashier (id, name, birth_date) VALUES (268, 'Макаров Гавриил Фролович', '1998-03-01');
INSERT INTO cashier (id, name, birth_date) VALUES (269, 'Мухин Тарас Куприянович', '1986-06-09');
INSERT INTO cashier (id, name, birth_date) VALUES (270, 'Галкин Дональд Александрович', '2001-10-28');
INSERT INTO cashier (id, name, birth_date) VALUES (271, 'Соболев Ефим Рудольфович', '1976-09-02');
INSERT INTO cashier (id, name, birth_date) VALUES (272, 'Горбунов Валерий Ростиславович', '1979-06-18');
INSERT INTO cashier (id, name, birth_date) VALUES (273, 'Лапин Парамон Всеволодович', '1974-01-05');
INSERT INTO cashier (id, name, birth_date) VALUES (274, 'Третьяков Григорий Тарасович', '1974-02-19');
INSERT INTO cashier (id, name, birth_date) VALUES (275, 'Дмитриев Денис Лукьевич', '1982-06-17');
INSERT INTO cashier (id, name, birth_date) VALUES (276, 'Лазарев Петр Ростиславович', '1974-11-15');
INSERT INTO cashier (id, name, birth_date) VALUES (277, 'Силин Казимир Максович', '1983-01-28');
INSERT INTO cashier (id, name, birth_date) VALUES (278, 'Гаврилов Вилли Семёнович', '1985-12-19');
INSERT INTO cashier (id, name, birth_date) VALUES (279, 'Третьяков Емельян Онисимович', '1966-06-28');
INSERT INTO cashier (id, name, birth_date) VALUES (280, 'Соколов Вилли Ростиславович', '1999-09-26');
INSERT INTO cashier (id, name, birth_date) VALUES (281, 'Щербаков Геннадий Всеволодович', '1990-12-29');
INSERT INTO cashier (id, name, birth_date) VALUES (282, 'Орехов Богдан Тимофеевич', '1999-11-09');
INSERT INTO cashier (id, name, birth_date) VALUES (283, 'Медведев Болеслав Никитевич', '1978-07-25');
INSERT INTO cashier (id, name, birth_date) VALUES (284, 'Селиверстов Остап Геннадьевич', '1968-09-26');
INSERT INTO cashier (id, name, birth_date) VALUES (285, 'Михеев Августин Егорович', '1983-09-20');
INSERT INTO cashier (id, name, birth_date) VALUES (286, 'Козлов Иван Лукьянович', '1970-08-25');
INSERT INTO cashier (id, name, birth_date) VALUES (287, 'Молчанов Венедикт Семенович', '1980-01-19');
INSERT INTO cashier (id, name, birth_date) VALUES (288, 'Кудряшов Семен Семенович', '1992-10-30');
INSERT INTO cashier (id, name, birth_date) VALUES (289, 'Михайлов Эрик Евсеевич', '1979-11-27');
INSERT INTO cashier (id, name, birth_date) VALUES (290, 'Мышкин Семен Станиславович', '1966-11-28');
INSERT INTO cashier (id, name, birth_date) VALUES (291, 'Савельев Ростислав Лаврентьевич', '1991-11-07');
INSERT INTO cashier (id, name, birth_date) VALUES (292, 'Капустин Зиновий Тарасович', '1975-11-04');
INSERT INTO cashier (id, name, birth_date) VALUES (293, 'Константинов Орест Васильевич', '1970-06-02');
INSERT INTO cashier (id, name, birth_date) VALUES (294, 'Силин Константин Улебович', '2002-12-02');
INSERT INTO cashier (id, name, birth_date) VALUES (295, 'Иванов Ким Семенович', '1987-08-25');
INSERT INTO cashier (id, name, birth_date) VALUES (296, 'Рыбаков Юлий Богданович', '1977-05-22');
INSERT INTO cashier (id, name, birth_date) VALUES (297, 'Гришин Александр Макарович', '1970-04-02');
INSERT INTO cashier (id, name, birth_date) VALUES (298, 'Куликов Ян Витальевич', '1982-05-05');
INSERT INTO cashier (id, name, birth_date) VALUES (299, 'Копылов Юлиан Эльдарович', '1975-09-11');
INSERT INTO cashier (id, name, birth_date) VALUES (300, 'Казаков Вячеслав Аркадьевич', '1974-05-05');
INSERT INTO cashier (id, name, birth_date) VALUES (301, 'Меркушев Игорь Демьянович', '1980-10-03');
INSERT INTO cashier (id, name, birth_date) VALUES (302, 'Константинов Никифор Парфеньевич', '1989-03-13');
INSERT INTO cashier (id, name, birth_date) VALUES (303, 'Цветков Рудольф Юлианович', '1995-11-22');
INSERT INTO cashier (id, name, birth_date) VALUES (304, 'Веселов Фрол Вячеславович', '2001-01-23');
INSERT INTO cashier (id, name, birth_date) VALUES (305, 'Шашков Игнатий Давидович', '1975-06-23');
INSERT INTO cashier (id, name, birth_date) VALUES (306, 'Ситников Гурий Натанович', '1987-06-19');
INSERT INTO cashier (id, name, birth_date) VALUES (307, 'Шашков Нинель Наумович', '1983-07-25');
INSERT INTO cashier (id, name, birth_date) VALUES (308, 'Мельников Клемент Улебович', '2001-12-26');
INSERT INTO cashier (id, name, birth_date) VALUES (309, 'Сорокин Иван Юрьевич', '1967-11-30');
INSERT INTO cashier (id, name, birth_date) VALUES (310, 'Кузьмин Феликс Пётрович', '2003-02-13');
INSERT INTO cashier (id, name, birth_date) VALUES (311, 'Калинин Гарри Кимович', '1976-09-27');
INSERT INTO cashier (id, name, birth_date) VALUES (312, 'Кононов Александр Дмитрьевич', '1994-05-29');
INSERT INTO cashier (id, name, birth_date) VALUES (313, 'Зимин Венедикт Витальевич', '1985-10-01');
INSERT INTO cashier (id, name, birth_date) VALUES (314, 'Андреев Варлам Львович', '1967-04-22');
INSERT INTO cashier (id, name, birth_date) VALUES (315, 'Шаров Аверкий Игнатьевич', '1969-01-01');
INSERT INTO cashier (id, name, birth_date) VALUES (316, 'Комиссаров Ермак Дмитриевич', '2002-11-19');
INSERT INTO cashier (id, name, birth_date) VALUES (317, 'Кузнецов Аверьян Сергеевич', '1970-08-25');
INSERT INTO cashier (id, name, birth_date) VALUES (318, 'Романов Мстислав Адольфович', '1985-10-05');
INSERT INTO cashier (id, name, birth_date) VALUES (319, 'Вишняков Михаил Эдуардович', '1993-11-07');
INSERT INTO cashier (id, name, birth_date) VALUES (320, 'Морозов Роберт Ефимович', '1992-01-27');
INSERT INTO cashier (id, name, birth_date) VALUES (321, 'Селезнёв Антон Феликсович', '1981-12-06');
INSERT INTO cashier (id, name, birth_date) VALUES (322, 'Дорофеев Марк Федорович', '1979-09-01');
INSERT INTO cashier (id, name, birth_date) VALUES (323, 'Романов Мирон Гордеевич', '1983-02-16');
INSERT INTO cashier (id, name, birth_date) VALUES (324, 'Ковалёв Герман Федосеевич', '1972-05-08');
INSERT INTO cashier (id, name, birth_date) VALUES (325, 'Тихонов Степан Николаевич', '1992-05-07');
INSERT INTO cashier (id, name, birth_date) VALUES (326, 'Журавлёв Юлиан Богуславович', '1995-12-27');
INSERT INTO cashier (id, name, birth_date) VALUES (327, 'Зуев Севастьян Евсеевич', '1995-03-24');
INSERT INTO cashier (id, name, birth_date) VALUES (328, 'Беляков Вениамин Семенович', '1975-05-11');
INSERT INTO cashier (id, name, birth_date) VALUES (329, 'Мухин Аввакум Владленович', '1969-11-13');
INSERT INTO cashier (id, name, birth_date) VALUES (330, 'Марков Витольд Наумович', '1971-10-29');
INSERT INTO cashier (id, name, birth_date) VALUES (331, 'Емельянов Нисон Русланович', '1975-02-24');
INSERT INTO cashier (id, name, birth_date) VALUES (332, 'Щербаков Павел Мэлсович', '1982-10-08');
INSERT INTO cashier (id, name, birth_date) VALUES (333, 'Фомичёв Даниил Федорович', '1993-01-30');
INSERT INTO cashier (id, name, birth_date) VALUES (334, 'Терентьев Арсений Филатович', '1978-06-22');
INSERT INTO cashier (id, name, birth_date) VALUES (335, 'Алексеев Дмитрий Гордеевич', '1991-10-15');
INSERT INTO cashier (id, name, birth_date) VALUES (336, 'Горбунов Игорь Рубенович', '1986-12-16');
INSERT INTO cashier (id, name, birth_date) VALUES (337, 'Комиссаров Марк Максимович', '1966-09-13');
INSERT INTO cashier (id, name, birth_date) VALUES (338, 'Веселов Самуил Богданович', '1991-08-30');
INSERT INTO cashier (id, name, birth_date) VALUES (339, 'Козлов Мечеслав Матвеевич', '1983-09-22');
INSERT INTO cashier (id, name, birth_date) VALUES (340, 'Елисеев Григорий Ярославович', '1976-03-04');
INSERT INTO cashier (id, name, birth_date) VALUES (341, 'Пахомов Роберт Геласьевич', '1988-09-08');
INSERT INTO cashier (id, name, birth_date) VALUES (342, 'Ефремов Лаврентий Тимофеевич', '1983-05-30');
INSERT INTO cashier (id, name, birth_date) VALUES (343, 'Мышкин Эрик Валерьянович', '1978-09-19');
INSERT INTO cashier (id, name, birth_date) VALUES (344, 'Журавлёв Аверьян Георгьевич', '2001-11-06');
INSERT INTO cashier (id, name, birth_date) VALUES (345, 'Киселёв Августин Вадимович', '1989-12-28');
INSERT INTO cashier (id, name, birth_date) VALUES (346, 'Силин Вилен Максович', '1998-12-11');
INSERT INTO cashier (id, name, birth_date) VALUES (347, 'Киселёв Макар Яковлевич', '1990-09-12');
INSERT INTO cashier (id, name, birth_date) VALUES (348, 'Тарасов Руслан Рудольфович', '1986-08-17');
INSERT INTO cashier (id, name, birth_date) VALUES (349, 'Беспалов Флор Егорович', '1980-07-07');
INSERT INTO cashier (id, name, birth_date) VALUES (350, 'Суворов Корнелий Степанович', '1989-05-24');
INSERT INTO cashier (id, name, birth_date) VALUES (351, 'Нестеров Дональд Демьянович', '1973-04-13');
INSERT INTO cashier (id, name, birth_date) VALUES (352, 'Никонов Ипполит Авксентьевич', '1984-02-28');
INSERT INTO cashier (id, name, birth_date) VALUES (353, 'Марков Арсен Тимурович', '1967-02-22');
INSERT INTO cashier (id, name, birth_date) VALUES (354, 'Буров Венедикт Авдеевич', '1991-12-15');

INSERT INTO sale (id, cashier_id, viewer_id, movie_id, date) VALUES (1026, 329, 610, 295, '2023-03-05');
INSERT INTO sale (id, cashier_id, viewer_id, movie_id, date) VALUES (1027, 284, 581, 300, '2023-02-15');
INSERT INTO sale (id, cashier_id, viewer_id, movie_id, date) VALUES (1028, 348, 598, 288, '2023-01-03');
INSERT INTO sale (id, cashier_id, viewer_id, movie_id, date) VALUES (1029, 279, 607, 295, '2023-04-10');
INSERT INTO sale (id, cashier_id, viewer_id, movie_id, date) VALUES (1030, 330, 616, 275, '2023-04-01');
INSERT INTO sale (id, cashier_id, viewer_id, movie_id, date) VALUES (1031, 283, 600, 312, '2023-04-13');
INSERT INTO sale (id, cashier_id, viewer_id, movie_id, date) VALUES (1032, 293, 549, 307, '2023-03-13');
INSERT INTO sale (id, cashier_id, viewer_id, movie_id, date) VALUES (1033, 343, 533, 308, '2023-03-12');
INSERT INTO sale (id, cashier_id, viewer_id, movie_id, date) VALUES (1034, 286, 610, 296, '2023-04-01');
INSERT INTO sale (id, cashier_id, viewer_id, movie_id, date) VALUES (1035, 349, 616, 307, '2023-03-07');
INSERT INTO sale (id, cashier_id, viewer_id, movie_id, date) VALUES (1036, 351, 579, 280, '2023-01-04');
INSERT INTO sale (id, cashier_id, viewer_id, movie_id, date) VALUES (1037, 308, 606, 287, '2023-03-05');
INSERT INTO sale (id, cashier_id, viewer_id, movie_id, date) VALUES (1038, 338, 537, 284, '2023-03-13');
INSERT INTO sale (id, cashier_id, viewer_id, movie_id, date) VALUES (1039, 333, 594, 312, '2023-03-09');
INSERT INTO sale (id, cashier_id, viewer_id, movie_id, date) VALUES (1040, 327, 614, 285, '2023-06-01');
INSERT INTO sale (id, cashier_id, viewer_id, movie_id, date) VALUES (1041, 288, 548, 304, '2023-06-14');
INSERT INTO sale (id, cashier_id, viewer_id, movie_id, date) VALUES (1042, 289, 614, 311, '2023-05-11');
INSERT INTO sale (id, cashier_id, viewer_id, movie_id, date) VALUES (1043, 293, 576, 318, '2023-05-06');
INSERT INTO sale (id, cashier_id, viewer_id, movie_id, date) VALUES (1044, 340, 556, 304, '2023-01-14');
INSERT INTO sale (id, cashier_id, viewer_id, movie_id, date) VALUES (1045, 294, 561, 298, '2023-02-14');
INSERT INTO sale (id, cashier_id, viewer_id, movie_id, date) VALUES (1046, 310, 601, 276, '2023-01-05');
INSERT INTO sale (id, cashier_id, viewer_id, movie_id, date) VALUES (1047, 344, 567, 314, '2023-01-11');
INSERT INTO sale (id, cashier_id, viewer_id, movie_id, date) VALUES (1048, 345, 576, 317, '2023-02-07');
INSERT INTO sale (id, cashier_id, viewer_id, movie_id, date) VALUES (1049, 294, 564, 277, '2023-02-11');
INSERT INTO sale (id, cashier_id, viewer_id, movie_id, date) VALUES (1050, 314, 612, 299, '2023-03-04');
INSERT INTO sale (id, cashier_id, viewer_id, movie_id, date) VALUES (1051, 282, 582, 310, '2023-01-15');
INSERT INTO sale (id, cashier_id, viewer_id, movie_id, date) VALUES (1052, 306, 580, 318, '2023-02-03');
INSERT INTO sale (id, cashier_id, viewer_id, movie_id, date) VALUES (1053, 286, 550, 287, '2023-05-15');
INSERT INTO sale (id, cashier_id, viewer_id, movie_id, date) VALUES (1054, 314, 595, 303, '2023-01-11');
INSERT INTO sale (id, cashier_id, viewer_id, movie_id, date) VALUES (1055, 294, 533, 290, '2023-02-11');
INSERT INTO sale (id, cashier_id, viewer_id, movie_id, date) VALUES (1056, 311, 536, 307, '2023-02-11');
INSERT INTO sale (id, cashier_id, viewer_id, movie_id, date) VALUES (1057, 284, 546, 317, '2023-06-02');
INSERT INTO sale (id, cashier_id, viewer_id, movie_id, date) VALUES (1058, 314, 561, 284, '2023-02-15');
INSERT INTO sale (id, cashier_id, viewer_id, movie_id, date) VALUES (1059, 334, 534, 297, '2023-02-04');
INSERT INTO sale (id, cashier_id, viewer_id, movie_id, date) VALUES (1060, 349, 571, 281, '2023-06-06');
INSERT INTO sale (id, cashier_id, viewer_id, movie_id, date) VALUES (1061, 320, 548, 295, '2023-01-02');
INSERT INTO sale (id, cashier_id, viewer_id, movie_id, date) VALUES (1062, 276, 572, 302, '2023-02-11');
INSERT INTO sale (id, cashier_id, viewer_id, movie_id, date) VALUES (1063, 281, 580, 288, '2023-03-05');
INSERT INTO sale (id, cashier_id, viewer_id, movie_id, date) VALUES (1064, 314, 567, 281, '2023-06-03');
INSERT INTO sale (id, cashier_id, viewer_id, movie_id, date) VALUES (1065, 285, 611, 307, '2023-01-01');
INSERT INTO sale (id, cashier_id, viewer_id, movie_id, date) VALUES (1066, 353, 612, 297, '2023-01-14');
INSERT INTO sale (id, cashier_id, viewer_id, movie_id, date) VALUES (1067, 295, 568, 282, '2023-05-02');
INSERT INTO sale (id, cashier_id, viewer_id, movie_id, date) VALUES (1068, 323, 603, 288, '2023-02-02');
INSERT INTO sale (id, cashier_id, viewer_id, movie_id, date) VALUES (1069, 349, 540, 298, '2023-05-03');
INSERT INTO sale (id, cashier_id, viewer_id, movie_id, date) VALUES (1070, 305, 605, 317, '2023-04-02');
INSERT INTO sale (id, cashier_id, viewer_id, movie_id, date) VALUES (1071, 352, 579, 300, '2023-06-11');
INSERT INTO sale (id, cashier_id, viewer_id, movie_id, date) VALUES (1072, 331, 596, 283, '2023-03-10');
INSERT INTO sale (id, cashier_id, viewer_id, movie_id, date) VALUES (1073, 281, 581, 278, '2023-03-01');
INSERT INTO sale (id, cashier_id, viewer_id, movie_id, date) VALUES (1074, 301, 573, 282, '2023-06-12');
INSERT INTO sale (id, cashier_id, viewer_id, movie_id, date) VALUES (1075, 325, 557, 286, '2023-04-13');
INSERT INTO sale (id, cashier_id, viewer_id, movie_id, date) VALUES (1076, 329, 559, 312, '2023-05-08');
INSERT INTO sale (id, cashier_id, viewer_id, movie_id, date) VALUES (1077, 291, 594, 313, '2023-05-11');
INSERT INTO sale (id, cashier_id, viewer_id, movie_id, date) VALUES (1078, 276, 616, 309, '2023-06-12');
INSERT INTO sale (id, cashier_id, viewer_id, movie_id, date) VALUES (1079, 351, 584, 316, '2023-03-09');
INSERT INTO sale (id, cashier_id, viewer_id, movie_id, date) VALUES (1080, 283, 600, 296, '2023-02-13');
INSERT INTO sale (id, cashier_id, viewer_id, movie_id, date) VALUES (1081, 352, 615, 297, '2023-01-15');
INSERT INTO sale (id, cashier_id, viewer_id, movie_id, date) VALUES (1082, 272, 591, 286, '2023-03-03');
INSERT INTO sale (id, cashier_id, viewer_id, movie_id, date) VALUES (1083, 345, 609, 282, '2023-01-10');
INSERT INTO sale (id, cashier_id, viewer_id, movie_id, date) VALUES (1084, 347, 593, 311, '2023-03-09');
INSERT INTO sale (id, cashier_id, viewer_id, movie_id, date) VALUES (1085, 278, 539, 310, '2023-02-05');
INSERT INTO sale (id, cashier_id, viewer_id, movie_id, date) VALUES (1086, 304, 534, 301, '2023-01-08');
INSERT INTO sale (id, cashier_id, viewer_id, movie_id, date) VALUES (1087, 288, 570, 299, '2023-02-04');
INSERT INTO sale (id, cashier_id, viewer_id, movie_id, date) VALUES (1088, 292, 609, 295, '2023-01-04');
INSERT INTO sale (id, cashier_id, viewer_id, movie_id, date) VALUES (1089, 327, 574, 318, '2023-02-09');
INSERT INTO sale (id, cashier_id, viewer_id, movie_id, date) VALUES (1090, 308, 593, 317, '2023-05-03');
INSERT INTO sale (id, cashier_id, viewer_id, movie_id, date) VALUES (1091, 275, 565, 297, '2023-05-08');
INSERT INTO sale (id, cashier_id, viewer_id, movie_id, date) VALUES (1092, 326, 604, 305, '2023-04-06');
INSERT INTO sale (id, cashier_id, viewer_id, movie_id, date) VALUES (1093, 309, 611, 310, '2023-01-11');
INSERT INTO sale (id, cashier_id, viewer_id, movie_id, date) VALUES (1094, 331, 577, 287, '2023-03-09');
INSERT INTO sale (id, cashier_id, viewer_id, movie_id, date) VALUES (1095, 336, 600, 307, '2023-06-05');
INSERT INTO sale (id, cashier_id, viewer_id, movie_id, date) VALUES (1096, 354, 542, 303, '2023-04-08');
INSERT INTO sale (id, cashier_id, viewer_id, movie_id, date) VALUES (1097, 305, 535, 293, '2023-01-03');
INSERT INTO sale (id, cashier_id, viewer_id, movie_id, date) VALUES (1098, 283, 537, 314, '2023-01-08');
INSERT INTO sale (id, cashier_id, viewer_id, movie_id, date) VALUES (1099, 342, 561, 299, '2023-06-06');
INSERT INTO sale (id, cashier_id, viewer_id, movie_id, date) VALUES (1100, 324, 549, 280, '2023-06-13');
INSERT INTO sale (id, cashier_id, viewer_id, movie_id, date) VALUES (1101, 343, 565, 295, '2023-06-04');
INSERT INTO sale (id, cashier_id, viewer_id, movie_id, date) VALUES (1102, 295, 535, 310, '2023-02-02');
INSERT INTO sale (id, cashier_id, viewer_id, movie_id, date) VALUES (1103, 292, 608, 297, '2023-06-15');
INSERT INTO sale (id, cashier_id, viewer_id, movie_id, date) VALUES (1104, 268, 580, 295, '2023-02-10');
INSERT INTO sale (id, cashier_id, viewer_id, movie_id, date) VALUES (1105, 271, 612, 294, '2023-04-15');
INSERT INTO sale (id, cashier_id, viewer_id, movie_id, date) VALUES (1106, 305, 587, 301, '2023-04-12');
INSERT INTO sale (id, cashier_id, viewer_id, movie_id, date) VALUES (1107, 299, 534, 289, '2023-04-14');
INSERT INTO sale (id, cashier_id, viewer_id, movie_id, date) VALUES (1108, 347, 547, 285, '2023-06-08');
INSERT INTO sale (id, cashier_id, viewer_id, movie_id, date) VALUES (1109, 337, 535, 301, '2023-06-06');
INSERT INTO sale (id, cashier_id, viewer_id, movie_id, date) VALUES (1110, 332, 549, 278, '2023-06-02');
INSERT INTO sale (id, cashier_id, viewer_id, movie_id, date) VALUES (1111, 287, 596, 280, '2023-01-13');
INSERT INTO sale (id, cashier_id, viewer_id, movie_id, date) VALUES (1112, 310, 573, 312, '2023-01-15');
INSERT INTO sale (id, cashier_id, viewer_id, movie_id, date) VALUES (1113, 323, 591, 306, '2023-02-12');
INSERT INTO sale (id, cashier_id, viewer_id, movie_id, date) VALUES (1114, 315, 584, 305, '2023-02-10');
INSERT INTO sale (id, cashier_id, viewer_id, movie_id, date) VALUES (1115, 313, 533, 292, '2023-04-11');
INSERT INTO sale (id, cashier_id, viewer_id, movie_id, date) VALUES (1116, 276, 588, 300, '2023-01-07');
INSERT INTO sale (id, cashier_id, viewer_id, movie_id, date) VALUES (1117, 344, 594, 317, '2023-02-11');
INSERT INTO sale (id, cashier_id, viewer_id, movie_id, date) VALUES (1118, 345, 614, 275, '2023-05-14');
INSERT INTO sale (id, cashier_id, viewer_id, movie_id, date) VALUES (1119, 320, 549, 316, '2023-05-12');
INSERT INTO sale (id, cashier_id, viewer_id, movie_id, date) VALUES (1120, 274, 562, 281, '2023-01-07');
INSERT INTO sale (id, cashier_id, viewer_id, movie_id, date) VALUES (1121, 307, 555, 295, '2023-03-13');
INSERT INTO sale (id, cashier_id, viewer_id, movie_id, date) VALUES (1122, 351, 597, 305, '2023-05-14');
INSERT INTO sale (id, cashier_id, viewer_id, movie_id, date) VALUES (1123, 297, 599, 312, '2023-05-15');
INSERT INTO sale (id, cashier_id, viewer_id, movie_id, date) VALUES (1124, 342, 540, 295, '2023-01-10');
INSERT INTO sale (id, cashier_id, viewer_id, movie_id, date) VALUES (1125, 294, 543, 307, '2023-06-14');
INSERT INTO sale (id, cashier_id, viewer_id, movie_id, date) VALUES (1126, 293, 611, 312, '2023-05-02');
INSERT INTO sale (id, cashier_id, viewer_id, movie_id, date) VALUES (1127, 294, 552, 306, '2023-04-14');
INSERT INTO sale (id, cashier_id, viewer_id, movie_id, date) VALUES (1128, 269, 616, 305, '2023-02-02');
INSERT INTO sale (id, cashier_id, viewer_id, movie_id, date) VALUES (1129, 274, 540, 283, '2023-03-14');
INSERT INTO sale (id, cashier_id, viewer_id, movie_id, date) VALUES (1130, 288, 573, 276, '2023-06-13');
INSERT INTO sale (id, cashier_id, viewer_id, movie_id, date) VALUES (1131, 304, 545, 279, '2023-06-02');
INSERT INTO sale (id, cashier_id, viewer_id, movie_id, date) VALUES (1132, 335, 593, 276, '2023-05-10');
INSERT INTO sale (id, cashier_id, viewer_id, movie_id, date) VALUES (1133, 276, 556, 280, '2023-04-05');
INSERT INTO sale (id, cashier_id, viewer_id, movie_id, date) VALUES (1134, 328, 548, 318, '2023-03-09');
INSERT INTO sale (id, cashier_id, viewer_id, movie_id, date) VALUES (1135, 306, 594, 315, '2023-01-14');
INSERT INTO sale (id, cashier_id, viewer_id, movie_id, date) VALUES (1136, 275, 538, 291, '2023-01-07');
INSERT INTO sale (id, cashier_id, viewer_id, movie_id, date) VALUES (1137, 331, 601, 286, '2023-05-05');
INSERT INTO sale (id, cashier_id, viewer_id, movie_id, date) VALUES (1138, 309, 543, 314, '2023-04-02');
INSERT INTO sale (id, cashier_id, viewer_id, movie_id, date) VALUES (1139, 315, 562, 278, '2023-03-11');
INSERT INTO sale (id, cashier_id, viewer_id, movie_id, date) VALUES (1140, 305, 546, 310, '2023-01-14');
INSERT INTO sale (id, cashier_id, viewer_id, movie_id, date) VALUES (1141, 343, 552, 293, '2023-04-13');
INSERT INTO sale (id, cashier_id, viewer_id, movie_id, date) VALUES (1142, 316, 579, 281, '2023-01-10');
INSERT INTO sale (id, cashier_id, viewer_id, movie_id, date) VALUES (1143, 333, 597, 300, '2023-02-03');
INSERT INTO sale (id, cashier_id, viewer_id, movie_id, date) VALUES (1144, 320, 579, 284, '2023-06-03');
INSERT INTO sale (id, cashier_id, viewer_id, movie_id, date) VALUES (1145, 296, 576, 291, '2023-01-10');
INSERT INTO sale (id, cashier_id, viewer_id, movie_id, date) VALUES (1146, 333, 610, 289, '2023-03-09');
INSERT INTO sale (id, cashier_id, viewer_id, movie_id, date) VALUES (1147, 292, 570, 279, '2023-06-06');
INSERT INTO sale (id, cashier_id, viewer_id, movie_id, date) VALUES (1148, 271, 546, 306, '2023-03-01');
INSERT INTO sale (id, cashier_id, viewer_id, movie_id, date) VALUES (1149, 328, 555, 289, '2023-01-03');
INSERT INTO sale (id, cashier_id, viewer_id, movie_id, date) VALUES (1150, 283, 566, 316, '2023-04-10');
INSERT INTO sale (id, cashier_id, viewer_id, movie_id, date) VALUES (1151, 284, 586, 295, '2023-05-09');
INSERT INTO sale (id, cashier_id, viewer_id, movie_id, date) VALUES (1152, 273, 587, 292, '2023-01-11');
INSERT INTO sale (id, cashier_id, viewer_id, movie_id, date) VALUES (1153, 344, 543, 311, '2023-03-09');
INSERT INTO sale (id, cashier_id, viewer_id, movie_id, date) VALUES (1154, 294, 609, 292, '2023-01-04');
INSERT INTO sale (id, cashier_id, viewer_id, movie_id, date) VALUES (1155, 303, 574, 292, '2023-04-14');
INSERT INTO sale (id, cashier_id, viewer_id, movie_id, date) VALUES (1156, 327, 589, 303, '2023-05-08');
INSERT INTO sale (id, cashier_id, viewer_id, movie_id, date) VALUES (1157, 285, 613, 282, '2023-04-10');
INSERT INTO sale (id, cashier_id, viewer_id, movie_id, date) VALUES (1158, 298, 582, 316, '2023-05-03');
INSERT INTO sale (id, cashier_id, viewer_id, movie_id, date) VALUES (1159, 331, 530, 300, '2023-06-03');
INSERT INTO sale (id, cashier_id, viewer_id, movie_id, date) VALUES (1160, 347, 548, 309, '2023-06-01');
INSERT INTO sale (id, cashier_id, viewer_id, movie_id, date) VALUES (1161, 346, 565, 292, '2023-01-12');
INSERT INTO sale (id, cashier_id, viewer_id, movie_id, date) VALUES (1162, 314, 566, 315, '2023-02-06');
INSERT INTO sale (id, cashier_id, viewer_id, movie_id, date) VALUES (1163, 274, 597, 285, '2023-05-01');
INSERT INTO sale (id, cashier_id, viewer_id, movie_id, date) VALUES (1164, 350, 563, 292, '2023-03-14');
INSERT INTO sale (id, cashier_id, viewer_id, movie_id, date) VALUES (1165, 306, 608, 307, '2023-05-15');
INSERT INTO sale (id, cashier_id, viewer_id, movie_id, date) VALUES (1166, 301, 571, 304, '2023-06-12');
INSERT INTO sale (id, cashier_id, viewer_id, movie_id, date) VALUES (1167, 288, 611, 294, '2023-04-12');
INSERT INTO sale (id, cashier_id, viewer_id, movie_id, date) VALUES (1168, 290, 562, 306, '2023-02-04');
INSERT INTO sale (id, cashier_id, viewer_id, movie_id, date) VALUES (1169, 354, 599, 297, '2023-02-01');
INSERT INTO sale (id, cashier_id, viewer_id, movie_id, date) VALUES (1170, 347, 568, 293, '2023-01-14');
INSERT INTO sale (id, cashier_id, viewer_id, movie_id, date) VALUES (1171, 325, 540, 291, '2023-02-07');
INSERT INTO sale (id, cashier_id, viewer_id, movie_id, date) VALUES (1172, 275, 560, 309, '2023-01-14');
INSERT INTO sale (id, cashier_id, viewer_id, movie_id, date) VALUES (1173, 341, 569, 309, '2023-01-06');
INSERT INTO sale (id, cashier_id, viewer_id, movie_id, date) VALUES (1174, 279, 536, 285, '2023-05-07');
INSERT INTO sale (id, cashier_id, viewer_id, movie_id, date) VALUES (1175, 332, 571, 298, '2023-06-07');
INSERT INTO sale (id, cashier_id, viewer_id, movie_id, date) VALUES (1176, 275, 568, 299, '2023-05-15');
INSERT INTO sale (id, cashier_id, viewer_id, movie_id, date) VALUES (1177, 304, 536, 279, '2023-06-05');
INSERT INTO sale (id, cashier_id, viewer_id, movie_id, date) VALUES (1178, 269, 550, 307, '2023-02-14');
INSERT INTO sale (id, cashier_id, viewer_id, movie_id, date) VALUES (1179, 273, 598, 309, '2023-06-10');
INSERT INTO sale (id, cashier_id, viewer_id, movie_id, date) VALUES (1180, 331, 544, 316, '2023-02-05');
INSERT INTO sale (id, cashier_id, viewer_id, movie_id, date) VALUES (1181, 320, 597, 278, '2023-05-10');
INSERT INTO sale (id, cashier_id, viewer_id, movie_id, date) VALUES (1182, 296, 578, 312, '2023-04-13');
INSERT INTO sale (id, cashier_id, viewer_id, movie_id, date) VALUES (1183, 285, 545, 296, '2023-06-12');
INSERT INTO sale (id, cashier_id, viewer_id, movie_id, date) VALUES (1184, 301, 543, 292, '2023-03-08');
INSERT INTO sale (id, cashier_id, viewer_id, movie_id, date) VALUES (1185, 277, 573, 309, '2023-05-02');
INSERT INTO sale (id, cashier_id, viewer_id, movie_id, date) VALUES (1186, 339, 531, 298, '2023-05-10');
INSERT INTO sale (id, cashier_id, viewer_id, movie_id, date) VALUES (1187, 311, 551, 309, '2023-04-04');
INSERT INTO sale (id, cashier_id, viewer_id, movie_id, date) VALUES (1188, 332, 598, 313, '2023-04-07');
INSERT INTO sale (id, cashier_id, viewer_id, movie_id, date) VALUES (1189, 281, 578, 313, '2023-06-01');
INSERT INTO sale (id, cashier_id, viewer_id, movie_id, date) VALUES (1190, 287, 530, 296, '2023-04-04');
INSERT INTO sale (id, cashier_id, viewer_id, movie_id, date) VALUES (1191, 292, 576, 290, '2023-06-05');
INSERT INTO sale (id, cashier_id, viewer_id, movie_id, date) VALUES (1192, 352, 602, 277, '2023-06-15');
INSERT INTO sale (id, cashier_id, viewer_id, movie_id, date) VALUES (1193, 337, 533, 282, '2023-04-02');
INSERT INTO sale (id, cashier_id, viewer_id, movie_id, date) VALUES (1194, 273, 549, 282, '2023-03-05');
INSERT INTO sale (id, cashier_id, viewer_id, movie_id, date) VALUES (1195, 276, 546, 299, '2023-05-09');
INSERT INTO sale (id, cashier_id, viewer_id, movie_id, date) VALUES (1196, 268, 580, 290, '2023-03-01');
INSERT INTO sale (id, cashier_id, viewer_id, movie_id, date) VALUES (1197, 339, 606, 309, '2023-02-01');
INSERT INTO sale (id, cashier_id, viewer_id, movie_id, date) VALUES (1198, 305, 598, 295, '2023-03-01');
INSERT INTO sale (id, cashier_id, viewer_id, movie_id, date) VALUES (1199, 296, 592, 301, '2023-03-08');
INSERT INTO sale (id, cashier_id, viewer_id, movie_id, date) VALUES (1200, 335, 563, 275, '2023-04-10');
INSERT INTO sale (id, cashier_id, viewer_id, movie_id, date) VALUES (1201, 320, 561, 286, '2023-01-11');
INSERT INTO sale (id, cashier_id, viewer_id, movie_id, date) VALUES (1202, 295, 582, 307, '2023-04-08');
INSERT INTO sale (id, cashier_id, viewer_id, movie_id, date) VALUES (1203, 326, 583, 293, '2023-03-03');
INSERT INTO sale (id, cashier_id, viewer_id, movie_id, date) VALUES (1204, 333, 531, 308, '2023-01-07');
INSERT INTO sale (id, cashier_id, viewer_id, movie_id, date) VALUES (1205, 311, 531, 314, '2023-05-09');
INSERT INTO sale (id, cashier_id, viewer_id, movie_id, date) VALUES (1206, 283, 607, 307, '2023-05-11');
INSERT INTO sale (id, cashier_id, viewer_id, movie_id, date) VALUES (1207, 315, 558, 283, '2023-04-15');
INSERT INTO sale (id, cashier_id, viewer_id, movie_id, date) VALUES (1208, 349, 535, 306, '2023-02-13');
INSERT INTO sale (id, cashier_id, viewer_id, movie_id, date) VALUES (1209, 329, 541, 285, '2023-05-11');
INSERT INTO sale (id, cashier_id, viewer_id, movie_id, date) VALUES (1210, 293, 589, 275, '2023-06-03');
INSERT INTO sale (id, cashier_id, viewer_id, movie_id, date) VALUES (1211, 321, 536, 300, '2023-05-12');
INSERT INTO sale (id, cashier_id, viewer_id, movie_id, date) VALUES (1212, 272, 559, 309, '2023-02-13');
INSERT INTO sale (id, cashier_id, viewer_id, movie_id, date) VALUES (1213, 326, 549, 277, '2023-01-06');
INSERT INTO sale (id, cashier_id, viewer_id, movie_id, date) VALUES (1214, 343, 605, 285, '2023-01-14');
INSERT INTO sale (id, cashier_id, viewer_id, movie_id, date) VALUES (1215, 344, 602, 312, '2023-01-04');
INSERT INTO sale (id, cashier_id, viewer_id, movie_id, date) VALUES (1216, 320, 568, 282, '2023-03-06');
INSERT INTO sale (id, cashier_id, viewer_id, movie_id, date) VALUES (1217, 301, 594, 298, '2023-04-11');
INSERT INTO sale (id, cashier_id, viewer_id, movie_id, date) VALUES (1218, 307, 570, 309, '2023-02-15');
INSERT INTO sale (id, cashier_id, viewer_id, movie_id, date) VALUES (1219, 280, 598, 300, '2023-05-14');
INSERT INTO sale (id, cashier_id, viewer_id, movie_id, date) VALUES (1220, 297, 578, 287, '2023-02-13');
INSERT INTO sale (id, cashier_id, viewer_id, movie_id, date) VALUES (1221, 296, 616, 277, '2023-02-01');
INSERT INTO sale (id, cashier_id, viewer_id, movie_id, date) VALUES (1222, 343, 595, 293, '2023-05-01');
INSERT INTO sale (id, cashier_id, viewer_id, movie_id, date) VALUES (1223, 298, 558, 310, '2023-05-01');
INSERT INTO sale (id, cashier_id, viewer_id, movie_id, date) VALUES (1224, 280, 539, 309, '2023-04-05');
INSERT INTO sale (id, cashier_id, viewer_id, movie_id, date) VALUES (1225, 276, 575, 278, '2023-04-11');
INSERT INTO sale (id, cashier_id, viewer_id, movie_id, date) VALUES (1226, 275, 573, 299, '2023-02-04');
INSERT INTO sale (id, cashier_id, viewer_id, movie_id, date) VALUES (1227, 279, 594, 288, '2023-02-12');
INSERT INTO sale (id, cashier_id, viewer_id, movie_id, date) VALUES (1228, 317, 604, 298, '2023-02-08');
INSERT INTO sale (id, cashier_id, viewer_id, movie_id, date) VALUES (1229, 311, 565, 318, '2023-05-11');
INSERT INTO sale (id, cashier_id, viewer_id, movie_id, date) VALUES (1230, 345, 569, 315, '2023-06-10');
INSERT INTO sale (id, cashier_id, viewer_id, movie_id, date) VALUES (1231, 310, 588, 303, '2023-02-06');
INSERT INTO sale (id, cashier_id, viewer_id, movie_id, date) VALUES (1232, 332, 534, 287, '2023-03-14');
INSERT INTO sale (id, cashier_id, viewer_id, movie_id, date) VALUES (1233, 285, 565, 303, '2023-04-08');
INSERT INTO sale (id, cashier_id, viewer_id, movie_id, date) VALUES (1234, 337, 569, 283, '2023-03-13');
INSERT INTO sale (id, cashier_id, viewer_id, movie_id, date) VALUES (1235, 333, 539, 314, '2023-04-11');
INSERT INTO sale (id, cashier_id, viewer_id, movie_id, date) VALUES (1236, 295, 605, 316, '2023-05-14');
INSERT INTO sale (id, cashier_id, viewer_id, movie_id, date) VALUES (1237, 287, 590, 284, '2023-03-02');
INSERT INTO sale (id, cashier_id, viewer_id, movie_id, date) VALUES (1238, 300, 572, 317, '2023-06-06');
INSERT INTO sale (id, cashier_id, viewer_id, movie_id, date) VALUES (1239, 331, 542, 294, '2023-04-02');
INSERT INTO sale (id, cashier_id, viewer_id, movie_id, date) VALUES (1240, 312, 598, 313, '2023-03-08');
INSERT INTO sale (id, cashier_id, viewer_id, movie_id, date) VALUES (1241, 302, 594, 291, '2023-04-09');
INSERT INTO sale (id, cashier_id, viewer_id, movie_id, date) VALUES (1242, 311, 612, 294, '2023-04-01');
INSERT INTO sale (id, cashier_id, viewer_id, movie_id, date) VALUES (1243, 305, 531, 290, '2023-01-03');
INSERT INTO sale (id, cashier_id, viewer_id, movie_id, date) VALUES (1245, 346, 539, 295, '2023-06-02');
INSERT INTO sale (id, cashier_id, viewer_id, movie_id, date) VALUES (1246, 329, 584, 284, '2023-06-05');
INSERT INTO sale (id, cashier_id, viewer_id, movie_id, date) VALUES (1247, 304, 608, 293, '2023-01-04');
INSERT INTO sale (id, cashier_id, viewer_id, movie_id, date) VALUES (1248, 294, 547, 318, '2023-02-06');
INSERT INTO sale (id, cashier_id, viewer_id, movie_id, date) VALUES (1249, 329, 593, 284, '2023-02-08');
INSERT INTO sale (id, cashier_id, viewer_id, movie_id, date) VALUES (1250, 305, 610, 288, '2023-02-03');
INSERT INTO sale (id, cashier_id, viewer_id, movie_id, date) VALUES (1251, 287, 571, 284, '2023-03-12');
INSERT INTO sale (id, cashier_id, viewer_id, movie_id, date) VALUES (1252, 282, 555, 284, '2023-01-07');
INSERT INTO sale (id, cashier_id, viewer_id, movie_id, date) VALUES (1253, 338, 591, 276, '2023-06-04');
INSERT INTO sale (id, cashier_id, viewer_id, movie_id, date) VALUES (1254, 299, 558, 280, '2023-06-02');
INSERT INTO sale (id, cashier_id, viewer_id, movie_id, date) VALUES (1255, 273, 582, 291, '2023-03-13');
INSERT INTO sale (id, cashier_id, viewer_id, movie_id, date) VALUES (1256, 317, 604, 299, '2023-03-10');
INSERT INTO sale (id, cashier_id, viewer_id, movie_id, date) VALUES (1257, 298, 554, 284, '2023-03-10');
INSERT INTO sale (id, cashier_id, viewer_id, movie_id, date) VALUES (1258, 280, 575, 306, '2023-03-12');
INSERT INTO sale (id, cashier_id, viewer_id, movie_id, date) VALUES (1259, 330, 595, 276, '2023-02-04');
INSERT INTO sale (id, cashier_id, viewer_id, movie_id, date) VALUES (1260, 353, 533, 280, '2023-05-06');
INSERT INTO sale (id, cashier_id, viewer_id, movie_id, date) VALUES (1261, 330, 586, 316, '2023-01-03');
INSERT INTO sale (id, cashier_id, viewer_id, movie_id, date) VALUES (1262, 354, 556, 292, '2023-01-10');
INSERT INTO sale (id, cashier_id, viewer_id, movie_id, date) VALUES (1263, 297, 579, 295, '2023-06-04');
INSERT INTO sale (id, cashier_id, viewer_id, movie_id, date) VALUES (1264, 296, 585, 300, '2023-03-13');
INSERT INTO sale (id, cashier_id, viewer_id, movie_id, date) VALUES (1265, 326, 533, 318, '2023-04-07');
INSERT INTO sale (id, cashier_id, viewer_id, movie_id, date) VALUES (1266, 301, 596, 277, '2023-02-12');
INSERT INTO sale (id, cashier_id, viewer_id, movie_id, date) VALUES (1267, 329, 615, 293, '2023-05-07');
INSERT INTO sale (id, cashier_id, viewer_id, movie_id, date) VALUES (1268, 297, 607, 297, '2023-06-07');
INSERT INTO sale (id, cashier_id, viewer_id, movie_id, date) VALUES (1269, 315, 589, 281, '2023-04-01');
INSERT INTO sale (id, cashier_id, viewer_id, movie_id, date) VALUES (1270, 290, 605, 303, '2023-06-11');
INSERT INTO sale (id, cashier_id, viewer_id, movie_id, date) VALUES (1271, 304, 543, 288, '2023-05-10');
INSERT INTO sale (id, cashier_id, viewer_id, movie_id, date) VALUES (1272, 307, 573, 316, '2023-01-08');
INSERT INTO sale (id, cashier_id, viewer_id, movie_id, date) VALUES (1273, 285, 601, 317, '2023-05-05');
INSERT INTO sale (id, cashier_id, viewer_id, movie_id, date) VALUES (1274, 324, 564, 292, '2023-01-09');
INSERT INTO sale (id, cashier_id, viewer_id, movie_id, date) VALUES (1275, 321, 578, 283, '2023-02-03');
INSERT INTO sale (id, cashier_id, viewer_id, movie_id, date) VALUES (1276, 290, 560, 316, '2023-05-07');
INSERT INTO sale (id, cashier_id, viewer_id, movie_id, date) VALUES (1277, 353, 581, 299, '2023-06-08');
INSERT INTO sale (id, cashier_id, viewer_id, movie_id, date) VALUES (1278, 288, 534, 279, '2023-01-14');
INSERT INTO sale (id, cashier_id, viewer_id, movie_id, date) VALUES (1279, 285, 538, 295, '2023-06-01');
INSERT INTO sale (id, cashier_id, viewer_id, movie_id, date) VALUES (1280, 353, 586, 288, '2023-02-11');
INSERT INTO sale (id, cashier_id, viewer_id, movie_id, date) VALUES (1281, 313, 607, 287, '2023-05-03');
INSERT INTO sale (id, cashier_id, viewer_id, movie_id, date) VALUES (1282, 284, 611, 315, '2023-01-14');
INSERT INTO sale (id, cashier_id, viewer_id, movie_id, date) VALUES (1283, 316, 544, 295, '2023-03-08');
INSERT INTO sale (id, cashier_id, viewer_id, movie_id, date) VALUES (1284, 324, 542, 290, '2023-03-13');
INSERT INTO sale (id, cashier_id, viewer_id, movie_id, date) VALUES (1285, 314, 594, 318, '2023-05-04');
INSERT INTO sale (id, cashier_id, viewer_id, movie_id, date) VALUES (1286, 340, 548, 279, '2023-05-05');
INSERT INTO sale (id, cashier_id, viewer_id, movie_id, date) VALUES (1287, 318, 588, 295, '2023-03-12');
INSERT INTO sale (id, cashier_id, viewer_id, movie_id, date) VALUES (1288, 352, 582, 298, '2023-03-06');
INSERT INTO sale (id, cashier_id, viewer_id, movie_id, date) VALUES (1289, 301, 541, 311, '2023-05-09');
INSERT INTO sale (id, cashier_id, viewer_id, movie_id, date) VALUES (1290, 321, 605, 315, '2023-01-02');
INSERT INTO sale (id, cashier_id, viewer_id, movie_id, date) VALUES (1291, 345, 591, 310, '2023-06-08');
INSERT INTO sale (id, cashier_id, viewer_id, movie_id, date) VALUES (1292, 339, 596, 295, '2023-01-05');
INSERT INTO sale (id, cashier_id, viewer_id, movie_id, date) VALUES (1293, 322, 603, 314, '2023-04-05');
INSERT INTO sale (id, cashier_id, viewer_id, movie_id, date) VALUES (1294, 305, 595, 298, '2023-04-02');
INSERT INTO sale (id, cashier_id, viewer_id, movie_id, date) VALUES (1295, 345, 571, 276, '2023-01-13');
INSERT INTO sale (id, cashier_id, viewer_id, movie_id, date) VALUES (1296, 350, 608, 304, '2023-06-13');
INSERT INTO sale (id, cashier_id, viewer_id, movie_id, date) VALUES (1297, 335, 569, 301, '2023-01-15');
INSERT INTO sale (id, cashier_id, viewer_id, movie_id, date) VALUES (1298, 291, 602, 317, '2023-03-02');
INSERT INTO sale (id, cashier_id, viewer_id, movie_id, date) VALUES (1299, 276, 577, 314, '2023-06-05');
INSERT INTO sale (id, cashier_id, viewer_id, movie_id, date) VALUES (1300, 295, 599, 311, '2023-02-11');
INSERT INTO sale (id, cashier_id, viewer_id, movie_id, date) VALUES (1301, 312, 606, 318, '2023-01-15');
INSERT INTO sale (id, cashier_id, viewer_id, movie_id, date) VALUES (1302, 322, 545, 282, '2023-01-01');
INSERT INTO sale (id, cashier_id, viewer_id, movie_id, date) VALUES (1303, 315, 554, 285, '2023-06-13');
INSERT INTO sale (id, cashier_id, viewer_id, movie_id, date) VALUES (1304, 324, 547, 296, '2023-01-08');
INSERT INTO sale (id, cashier_id, viewer_id, movie_id, date) VALUES (1305, 268, 566, 285, '2023-06-03');
INSERT INTO sale (id, cashier_id, viewer_id, movie_id, date) VALUES (1306, 330, 590, 305, '2023-01-10');
INSERT INTO sale (id, cashier_id, viewer_id, movie_id, date) VALUES (1307, 339, 609, 280, '2023-05-14');
INSERT INTO sale (id, cashier_id, viewer_id, movie_id, date) VALUES (1308, 342, 573, 298, '2023-05-14');
INSERT INTO sale (id, cashier_id, viewer_id, movie_id, date) VALUES (1309, 333, 538, 288, '2023-06-10');
INSERT INTO sale (id, cashier_id, viewer_id, movie_id, date) VALUES (1310, 333, 565, 300, '2023-05-07');
INSERT INTO sale (id, cashier_id, viewer_id, movie_id, date) VALUES (1311, 277, 586, 303, '2023-03-03');
INSERT INTO sale (id, cashier_id, viewer_id, movie_id, date) VALUES (1312, 285, 546, 278, '2023-03-02');
INSERT INTO sale (id, cashier_id, viewer_id, movie_id, date) VALUES (1313, 334, 596, 294, '2023-02-05');
INSERT INTO sale (id, cashier_id, viewer_id, movie_id, date) VALUES (1314, 348, 530, 297, '2023-04-03');
INSERT INTO sale (id, cashier_id, viewer_id, movie_id, date) VALUES (1315, 335, 568, 283, '2023-06-14');
INSERT INTO sale (id, cashier_id, viewer_id, movie_id, date) VALUES (1316, 335, 550, 284, '2023-04-08');
INSERT INTO sale (id, cashier_id, viewer_id, movie_id, date) VALUES (1317, 281, 546, 287, '2023-02-09');
INSERT INTO sale (id, cashier_id, viewer_id, movie_id, date) VALUES (1318, 313, 599, 296, '2023-02-15');
INSERT INTO sale (id, cashier_id, viewer_id, movie_id, date) VALUES (1319, 348, 608, 310, '2023-02-04');
INSERT INTO sale (id, cashier_id, viewer_id, movie_id, date) VALUES (1320, 273, 539, 297, '2023-06-15');
INSERT INTO sale (id, cashier_id, viewer_id, movie_id, date) VALUES (1321, 327, 549, 290, '2023-04-10');
INSERT INTO sale (id, cashier_id, viewer_id, movie_id, date) VALUES (1322, 340, 601, 316, '2023-01-04');
INSERT INTO sale (id, cashier_id, viewer_id, movie_id, date) VALUES (1323, 280, 557, 284, '2023-01-10');
INSERT INTO sale (id, cashier_id, viewer_id, movie_id, date) VALUES (1324, 346, 577, 301, '2023-01-02');
INSERT INTO sale (id, cashier_id, viewer_id, movie_id, date) VALUES (1325, 284, 557, 289, '2023-04-12');
INSERT INTO sale (id, cashier_id, viewer_id, movie_id, date) VALUES (1326, 291, 611, 314, '2023-05-11');
INSERT INTO sale (id, cashier_id, viewer_id, movie_id, date) VALUES (1327, 285, 615, 317, '2023-01-02');
INSERT INTO sale (id, cashier_id, viewer_id, movie_id, date) VALUES (1328, 311, 577, 304, '2023-05-10');
INSERT INTO sale (id, cashier_id, viewer_id, movie_id, date) VALUES (1329, 294, 597, 315, '2023-02-04');
INSERT INTO sale (id, cashier_id, viewer_id, movie_id, date) VALUES (1330, 352, 533, 300, '2023-04-11');
INSERT INTO sale (id, cashier_id, viewer_id, movie_id, date) VALUES (1331, 327, 597, 308, '2023-02-06');
INSERT INTO sale (id, cashier_id, viewer_id, movie_id, date) VALUES (1332, 339, 571, 287, '2023-02-11');
INSERT INTO sale (id, cashier_id, viewer_id, movie_id, date) VALUES (1333, 284, 584, 300, '2023-05-06');
INSERT INTO sale (id, cashier_id, viewer_id, movie_id, date) VALUES (1334, 301, 573, 315, '2023-03-04');
INSERT INTO sale (id, cashier_id, viewer_id, movie_id, date) VALUES (1335, 296, 570, 275, '2023-02-08');
INSERT INTO sale (id, cashier_id, viewer_id, movie_id, date) VALUES (1336, 335, 565, 298, '2023-01-13');
INSERT INTO sale (id, cashier_id, viewer_id, movie_id, date) VALUES (1337, 346, 543, 296, '2023-05-07');
INSERT INTO sale (id, cashier_id, viewer_id, movie_id, date) VALUES (1338, 298, 549, 302, '2023-05-14');
INSERT INTO sale (id, cashier_id, viewer_id, movie_id, date) VALUES (1339, 287, 608, 289, '2023-03-07');
INSERT INTO sale (id, cashier_id, viewer_id, movie_id, date) VALUES (1340, 335, 554, 307, '2023-06-02');
INSERT INTO sale (id, cashier_id, viewer_id, movie_id, date) VALUES (1341, 276, 570, 318, '2023-06-14');
INSERT INTO sale (id, cashier_id, viewer_id, movie_id, date) VALUES (1342, 304, 532, 304, '2023-02-15');
INSERT INTO sale (id, cashier_id, viewer_id, movie_id, date) VALUES (1343, 350, 591, 284, '2023-02-15');
INSERT INTO sale (id, cashier_id, viewer_id, movie_id, date) VALUES (1344, 281, 537, 297, '2023-02-08');
INSERT INTO sale (id, cashier_id, viewer_id, movie_id, date) VALUES (1345, 297, 584, 310, '2023-04-12');
INSERT INTO sale (id, cashier_id, viewer_id, movie_id, date) VALUES (1346, 306, 615, 293, '2023-05-03');
INSERT INTO sale (id, cashier_id, viewer_id, movie_id, date) VALUES (1347, 311, 566, 296, '2023-04-09');
INSERT INTO sale (id, cashier_id, viewer_id, movie_id, date) VALUES (1348, 276, 546, 317, '2023-02-04');
INSERT INTO sale (id, cashier_id, viewer_id, movie_id, date) VALUES (1349, 287, 546, 306, '2023-05-05');
INSERT INTO sale (id, cashier_id, viewer_id, movie_id, date) VALUES (1350, 312, 602, 306, '2023-05-08');
INSERT INTO sale (id, cashier_id, viewer_id, movie_id, date) VALUES (1351, 332, 601, 284, '2023-02-05');
INSERT INTO sale (id, cashier_id, viewer_id, movie_id, date) VALUES (1352, 291, 561, 292, '2023-03-13');
INSERT INTO sale (id, cashier_id, viewer_id, movie_id, date) VALUES (1353, 326, 589, 291, '2023-01-02');
INSERT INTO sale (id, cashier_id, viewer_id, movie_id, date) VALUES (1354, 275, 549, 288, '2023-02-02');
INSERT INTO sale (id, cashier_id, viewer_id, movie_id, date) VALUES (1355, 351, 540, 318, '2023-06-05');
INSERT INTO sale (id, cashier_id, viewer_id, movie_id, date) VALUES (1356, 352, 611, 284, '2023-01-10');
INSERT INTO sale (id, cashier_id, viewer_id, movie_id, date) VALUES (1357, 325, 560, 308, '2023-01-09');
INSERT INTO sale (id, cashier_id, viewer_id, movie_id, date) VALUES (1358, 281, 588, 292, '2023-05-07');
INSERT INTO sale (id, cashier_id, viewer_id, movie_id, date) VALUES (1359, 270, 531, 288, '2023-01-10');
INSERT INTO sale (id, cashier_id, viewer_id, movie_id, date) VALUES (1360, 315, 602, 295, '2023-05-02');
INSERT INTO sale (id, cashier_id, viewer_id, movie_id, date) VALUES (1361, 273, 536, 282, '2023-02-15');
INSERT INTO sale (id, cashier_id, viewer_id, movie_id, date) VALUES (1362, 340, 548, 317, '2023-05-15');
INSERT INTO sale (id, cashier_id, viewer_id, movie_id, date) VALUES (1363, 277, 540, 312, '2023-06-11');
INSERT INTO sale (id, cashier_id, viewer_id, movie_id, date) VALUES (1364, 340, 587, 287, '2023-03-01');
INSERT INTO sale (id, cashier_id, viewer_id, movie_id, date) VALUES (1365, 283, 572, 279, '2023-03-07');
INSERT INTO sale (id, cashier_id, viewer_id, movie_id, date) VALUES (1366, 349, 608, 298, '2023-04-13');
INSERT INTO sale (id, cashier_id, viewer_id, movie_id, date) VALUES (1367, 291, 609, 286, '2023-05-08');
INSERT INTO sale (id, cashier_id, viewer_id, movie_id, date) VALUES (1368, 292, 551, 305, '2023-06-12');
INSERT INTO sale (id, cashier_id, viewer_id, movie_id, date) VALUES (1369, 354, 598, 312, '2023-02-15');
INSERT INTO sale (id, cashier_id, viewer_id, movie_id, date) VALUES (1370, 296, 598, 300, '2023-05-13');
INSERT INTO sale (id, cashier_id, viewer_id, movie_id, date) VALUES (1371, 336, 542, 308, '2023-03-03');
INSERT INTO sale (id, cashier_id, viewer_id, movie_id, date) VALUES (1372, 294, 598, 306, '2023-05-13');
INSERT INTO sale (id, cashier_id, viewer_id, movie_id, date) VALUES (1373, 280, 560, 285, '2023-02-09');
INSERT INTO sale (id, cashier_id, viewer_id, movie_id, date) VALUES (1374, 270, 596, 317, '2023-04-10');
INSERT INTO sale (id, cashier_id, viewer_id, movie_id, date) VALUES (1375, 305, 564, 285, '2023-03-01');
INSERT INTO sale (id, cashier_id, viewer_id, movie_id, date) VALUES (1376, 334, 581, 281, '2023-02-11');
INSERT INTO sale (id, cashier_id, viewer_id, movie_id, date) VALUES (1377, 320, 541, 290, '2023-01-11');
INSERT INTO sale (id, cashier_id, viewer_id, movie_id, date) VALUES (1378, 281, 561, 288, '2023-04-01');
INSERT INTO sale (id, cashier_id, viewer_id, movie_id, date) VALUES (1379, 339, 556, 309, '2023-05-13');
INSERT INTO sale (id, cashier_id, viewer_id, movie_id, date) VALUES (1380, 282, 550, 308, '2023-04-08');
INSERT INTO sale (id, cashier_id, viewer_id, movie_id, date) VALUES (1381, 273, 580, 278, '2023-01-13');
INSERT INTO sale (id, cashier_id, viewer_id, movie_id, date) VALUES (1382, 331, 555, 299, '2023-03-04');
INSERT INTO sale (id, cashier_id, viewer_id, movie_id, date) VALUES (1383, 285, 613, 290, '2023-06-02');
INSERT INTO sale (id, cashier_id, viewer_id, movie_id, date) VALUES (1384, 315, 558, 314, '2023-06-06');
INSERT INTO sale (id, cashier_id, viewer_id, movie_id, date) VALUES (1385, 336, 592, 288, '2023-01-14');
INSERT INTO sale (id, cashier_id, viewer_id, movie_id, date) VALUES (1386, 274, 613, 281, '2023-01-05');
INSERT INTO sale (id, cashier_id, viewer_id, movie_id, date) VALUES (1387, 308, 553, 279, '2023-03-02');
INSERT INTO sale (id, cashier_id, viewer_id, movie_id, date) VALUES (1388, 285, 554, 283, '2023-05-02');
INSERT INTO sale (id, cashier_id, viewer_id, movie_id, date) VALUES (1389, 278, 611, 303, '2023-04-01');
INSERT INTO sale (id, cashier_id, viewer_id, movie_id, date) VALUES (1390, 348, 613, 304, '2023-03-10');
INSERT INTO sale (id, cashier_id, viewer_id, movie_id, date) VALUES (1391, 310, 531, 279, '2023-05-03');
INSERT INTO sale (id, cashier_id, viewer_id, movie_id, date) VALUES (1392, 292, 536, 294, '2023-02-12');
INSERT INTO sale (id, cashier_id, viewer_id, movie_id, date) VALUES (1393, 296, 616, 280, '2023-02-14');
INSERT INTO sale (id, cashier_id, viewer_id, movie_id, date) VALUES (1394, 330, 592, 310, '2023-05-10');
INSERT INTO sale (id, cashier_id, viewer_id, movie_id, date) VALUES (1395, 297, 560, 293, '2023-02-09');
INSERT INTO sale (id, cashier_id, viewer_id, movie_id, date) VALUES (1396, 326, 594, 283, '2023-01-13');
INSERT INTO sale (id, cashier_id, viewer_id, movie_id, date) VALUES (1397, 323, 608, 312, '2023-06-10');
INSERT INTO sale (id, cashier_id, viewer_id, movie_id, date) VALUES (1398, 291, 587, 312, '2023-05-07');
INSERT INTO sale (id, cashier_id, viewer_id, movie_id, date) VALUES (1399, 314, 582, 285, '2023-05-14');
INSERT INTO sale (id, cashier_id, viewer_id, movie_id, date) VALUES (1400, 333, 552, 310, '2023-05-03');
INSERT INTO sale (id, cashier_id, viewer_id, movie_id, date) VALUES (1401, 300, 556, 316, '2023-01-15');
INSERT INTO sale (id, cashier_id, viewer_id, movie_id, date) VALUES (1402, 281, 557, 310, '2023-02-07');
INSERT INTO sale (id, cashier_id, viewer_id, movie_id, date) VALUES (1403, 292, 582, 301, '2023-05-15');
INSERT INTO sale (id, cashier_id, viewer_id, movie_id, date) VALUES (1404, 340, 588, 310, '2023-01-11');
INSERT INTO sale (id, cashier_id, viewer_id, movie_id, date) VALUES (1405, 331, 582, 298, '2023-05-10');
INSERT INTO sale (id, cashier_id, viewer_id, movie_id, date) VALUES (1406, 330, 556, 280, '2023-01-03');
INSERT INTO sale (id, cashier_id, viewer_id, movie_id, date) VALUES (1407, 335, 561, 313, '2023-05-06');
INSERT INTO sale (id, cashier_id, viewer_id, movie_id, date) VALUES (1408, 333, 595, 293, '2023-06-06');
INSERT INTO sale (id, cashier_id, viewer_id, movie_id, date) VALUES (1409, 292, 552, 307, '2023-06-01');
INSERT INTO sale (id, cashier_id, viewer_id, movie_id, date) VALUES (1410, 317, 550, 293, '2023-03-09');
INSERT INTO sale (id, cashier_id, viewer_id, movie_id, date) VALUES (1411, 350, 580, 283, '2023-03-08');
INSERT INTO sale (id, cashier_id, viewer_id, movie_id, date) VALUES (1412, 316, 568, 311, '2023-01-05');
INSERT INTO sale (id, cashier_id, viewer_id, movie_id, date) VALUES (1413, 320, 561, 276, '2023-02-02');
INSERT INTO sale (id, cashier_id, viewer_id, movie_id, date) VALUES (1414, 348, 576, 297, '2023-05-07');
INSERT INTO sale (id, cashier_id, viewer_id, movie_id, date) VALUES (1415, 316, 600, 286, '2023-05-07');
INSERT INTO sale (id, cashier_id, viewer_id, movie_id, date) VALUES (1416, 317, 609, 291, '2023-02-08');
INSERT INTO sale (id, cashier_id, viewer_id, movie_id, date) VALUES (1417, 321, 545, 294, '2023-02-02');
INSERT INTO sale (id, cashier_id, viewer_id, movie_id, date) VALUES (1418, 284, 606, 316, '2023-05-15');
INSERT INTO sale (id, cashier_id, viewer_id, movie_id, date) VALUES (1419, 321, 588, 280, '2023-02-08');
INSERT INTO sale (id, cashier_id, viewer_id, movie_id, date) VALUES (1420, 333, 614, 284, '2023-01-08');
INSERT INTO sale (id, cashier_id, viewer_id, movie_id, date) VALUES (1421, 285, 578, 286, '2023-02-02');
INSERT INTO sale (id, cashier_id, viewer_id, movie_id, date) VALUES (1422, 307, 609, 284, '2023-02-05');
INSERT INTO sale (id, cashier_id, viewer_id, movie_id, date) VALUES (1423, 347, 531, 288, '2023-05-11');
INSERT INTO sale (id, cashier_id, viewer_id, movie_id, date) VALUES (1424, 268, 607, 314, '2023-01-14');
INSERT INTO sale (id, cashier_id, viewer_id, movie_id, date) VALUES (1425, 312, 594, 279, '2023-04-10');
INSERT INTO sale (id, cashier_id, viewer_id, movie_id, date) VALUES (1426, 352, 590, 310, '2023-03-05');
INSERT INTO sale (id, cashier_id, viewer_id, movie_id, date) VALUES (1427, 338, 612, 277, '2023-01-09');
INSERT INTO sale (id, cashier_id, viewer_id, movie_id, date) VALUES (1428, 306, 599, 286, '2023-03-09');
INSERT INTO sale (id, cashier_id, viewer_id, movie_id, date) VALUES (1429, 339, 567, 318, '2023-01-07');
INSERT INTO sale (id, cashier_id, viewer_id, movie_id, date) VALUES (1430, 277, 594, 300, '2023-06-05');
INSERT INTO sale (id, cashier_id, viewer_id, movie_id, date) VALUES (1431, 334, 590, 284, '2023-02-05');
INSERT INTO sale (id, cashier_id, viewer_id, movie_id, date) VALUES (1432, 324, 560, 280, '2023-02-07');
INSERT INTO sale (id, cashier_id, viewer_id, movie_id, date) VALUES (1433, 282, 547, 314, '2023-05-09');
INSERT INTO sale (id, cashier_id, viewer_id, movie_id, date) VALUES (1434, 349, 595, 316, '2023-02-10');
INSERT INTO sale (id, cashier_id, viewer_id, movie_id, date) VALUES (1435, 282, 583, 295, '2023-01-01');
INSERT INTO sale (id, cashier_id, viewer_id, movie_id, date) VALUES (1436, 300, 540, 310, '2023-02-05');
INSERT INTO sale (id, cashier_id, viewer_id, movie_id, date) VALUES (1437, 339, 538, 313, '2023-05-09');
INSERT INTO sale (id, cashier_id, viewer_id, movie_id, date) VALUES (1438, 346, 546, 282, '2023-06-07');
INSERT INTO sale (id, cashier_id, viewer_id, movie_id, date) VALUES (1439, 324, 548, 292, '2023-02-14');
INSERT INTO sale (id, cashier_id, viewer_id, movie_id, date) VALUES (1440, 339, 599, 280, '2023-04-02');
INSERT INTO sale (id, cashier_id, viewer_id, movie_id, date) VALUES (1441, 351, 597, 278, '2023-03-02');
INSERT INTO sale (id, cashier_id, viewer_id, movie_id, date) VALUES (1442, 283, 586, 294, '2023-02-15');
INSERT INTO sale (id, cashier_id, viewer_id, movie_id, date) VALUES (1443, 275, 574, 288, '2023-04-02');
INSERT INTO sale (id, cashier_id, viewer_id, movie_id, date) VALUES (1444, 286, 534, 303, '2023-06-12');
INSERT INTO sale (id, cashier_id, viewer_id, movie_id, date) VALUES (1445, 351, 608, 279, '2023-01-12');
INSERT INTO sale (id, cashier_id, viewer_id, movie_id, date) VALUES (1446, 298, 600, 312, '2023-04-06');
INSERT INTO sale (id, cashier_id, viewer_id, movie_id, date) VALUES (1447, 336, 546, 278, '2023-05-09');
INSERT INTO sale (id, cashier_id, viewer_id, movie_id, date) VALUES (1448, 274, 540, 275, '2023-06-13');
INSERT INTO sale (id, cashier_id, viewer_id, movie_id, date) VALUES (1449, 339, 571, 277, '2023-05-11');
INSERT INTO sale (id, cashier_id, viewer_id, movie_id, date) VALUES (1450, 317, 602, 315, '2023-03-15');
INSERT INTO sale (id, cashier_id, viewer_id, movie_id, date) VALUES (1451, 324, 588, 318, '2023-02-08');
INSERT INTO sale (id, cashier_id, viewer_id, movie_id, date) VALUES (1452, 294, 551, 276, '2023-02-08');
INSERT INTO sale (id, cashier_id, viewer_id, movie_id, date) VALUES (1453, 293, 607, 296, '2023-01-01');
INSERT INTO sale (id, cashier_id, viewer_id, movie_id, date) VALUES (1454, 338, 552, 293, '2023-03-05');
INSERT INTO sale (id, cashier_id, viewer_id, movie_id, date) VALUES (1455, 272, 607, 285, '2023-02-01');
INSERT INTO sale (id, cashier_id, viewer_id, movie_id, date) VALUES (1456, 344, 531, 298, '2023-02-15');
INSERT INTO sale (id, cashier_id, viewer_id, movie_id, date) VALUES (1457, 322, 587, 292, '2023-06-14');
INSERT INTO sale (id, cashier_id, viewer_id, movie_id, date) VALUES (1458, 272, 616, 308, '2023-06-06');
INSERT INTO sale (id, cashier_id, viewer_id, movie_id, date) VALUES (1459, 297, 616, 293, '2023-01-08');
INSERT INTO sale (id, cashier_id, viewer_id, movie_id, date) VALUES (1460, 276, 572, 303, '2023-05-01');
INSERT INTO sale (id, cashier_id, viewer_id, movie_id, date) VALUES (1461, 307, 599, 316, '2023-01-13');
INSERT INTO sale (id, cashier_id, viewer_id, movie_id, date) VALUES (1462, 277, 609, 282, '2023-06-03');
INSERT INTO sale (id, cashier_id, viewer_id, movie_id, date) VALUES (1463, 285, 546, 275, '2023-06-12');
INSERT INTO sale (id, cashier_id, viewer_id, movie_id, date) VALUES (1464, 285, 567, 282, '2023-02-13');
INSERT INTO sale (id, cashier_id, viewer_id, movie_id, date) VALUES (1465, 353, 572, 312, '2023-01-14');
INSERT INTO sale (id, cashier_id, viewer_id, movie_id, date) VALUES (1466, 289, 549, 278, '2023-01-08');
INSERT INTO sale (id, cashier_id, viewer_id, movie_id, date) VALUES (1467, 288, 540, 275, '2023-05-08');
INSERT INTO sale (id, cashier_id, viewer_id, movie_id, date) VALUES (1468, 337, 582, 315, '2023-06-13');
INSERT INTO sale (id, cashier_id, viewer_id, movie_id, date) VALUES (1469, 312, 547, 299, '2023-01-01');
INSERT INTO sale (id, cashier_id, viewer_id, movie_id, date) VALUES (1470, 288, 583, 294, '2023-01-06');
INSERT INTO sale (id, cashier_id, viewer_id, movie_id, date) VALUES (1471, 287, 563, 294, '2023-02-13');
INSERT INTO sale (id, cashier_id, viewer_id, movie_id, date) VALUES (1472, 314, 566, 289, '2023-02-07');
INSERT INTO sale (id, cashier_id, viewer_id, movie_id, date) VALUES (1473, 298, 612, 299, '2023-05-09');
INSERT INTO sale (id, cashier_id, viewer_id, movie_id, date) VALUES (1474, 273, 566, 302, '2023-04-06');
INSERT INTO sale (id, cashier_id, viewer_id, movie_id, date) VALUES (1475, 340, 565, 295, '2023-03-06');
INSERT INTO sale (id, cashier_id, viewer_id, movie_id, date) VALUES (1476, 270, 540, 317, '2023-01-14');
INSERT INTO sale (id, cashier_id, viewer_id, movie_id, date) VALUES (1477, 273, 538, 280, '2023-03-07');
INSERT INTO sale (id, cashier_id, viewer_id, movie_id, date) VALUES (1478, 335, 530, 303, '2023-05-13');
INSERT INTO sale (id, cashier_id, viewer_id, movie_id, date) VALUES (1479, 309, 614, 291, '2023-04-07');
INSERT INTO sale (id, cashier_id, viewer_id, movie_id, date) VALUES (1480, 299, 584, 298, '2023-03-07');
INSERT INTO sale (id, cashier_id, viewer_id, movie_id, date) VALUES (1481, 306, 548, 316, '2023-05-03');
INSERT INTO sale (id, cashier_id, viewer_id, movie_id, date) VALUES (1482, 290, 560, 313, '2023-05-03');
INSERT INTO sale (id, cashier_id, viewer_id, movie_id, date) VALUES (1483, 296, 570, 309, '2023-05-13');
INSERT INTO sale (id, cashier_id, viewer_id, movie_id, date) VALUES (1484, 312, 596, 291, '2023-01-10');
INSERT INTO sale (id, cashier_id, viewer_id, movie_id, date) VALUES (1485, 312, 561, 309, '2023-06-08');
INSERT INTO sale (id, cashier_id, viewer_id, movie_id, date) VALUES (1486, 300, 568, 288, '2023-06-15');
INSERT INTO sale (id, cashier_id, viewer_id, movie_id, date) VALUES (1487, 270, 595, 285, '2023-06-10');
INSERT INTO sale (id, cashier_id, viewer_id, movie_id, date) VALUES (1488, 285, 530, 308, '2023-03-07');
INSERT INTO sale (id, cashier_id, viewer_id, movie_id, date) VALUES (1489, 347, 608, 289, '2023-02-01');
INSERT INTO sale (id, cashier_id, viewer_id, movie_id, date) VALUES (1490, 299, 541, 296, '2023-04-13');
INSERT INTO sale (id, cashier_id, viewer_id, movie_id, date) VALUES (1491, 300, 566, 318, '2023-02-03');
INSERT INTO sale (id, cashier_id, viewer_id, movie_id, date) VALUES (1492, 323, 603, 278, '2023-01-11');
INSERT INTO sale (id, cashier_id, viewer_id, movie_id, date) VALUES (1493, 339, 600, 289, '2023-02-06');
INSERT INTO sale (id, cashier_id, viewer_id, movie_id, date) VALUES (1494, 337, 592, 305, '2023-04-01');
INSERT INTO sale (id, cashier_id, viewer_id, movie_id, date) VALUES (1495, 335, 600, 308, '2023-06-09');
INSERT INTO sale (id, cashier_id, viewer_id, movie_id, date) VALUES (1496, 283, 550, 315, '2023-02-02');
INSERT INTO sale (id, cashier_id, viewer_id, movie_id, date) VALUES (1497, 290, 564, 275, '2023-05-07');
INSERT INTO sale (id, cashier_id, viewer_id, movie_id, date) VALUES (1498, 309, 591, 308, '2023-03-15');
INSERT INTO sale (id, cashier_id, viewer_id, movie_id, date) VALUES (1499, 284, 555, 312, '2023-05-02');
INSERT INTO sale (id, cashier_id, viewer_id, movie_id, date) VALUES (1500, 301, 609, 296, '2023-02-10');
INSERT INTO sale (id, cashier_id, viewer_id, movie_id, date) VALUES (1501, 270, 575, 278, '2023-06-03');
INSERT INTO sale (id, cashier_id, viewer_id, movie_id, date) VALUES (1502, 345, 575, 304, '2023-02-07');
INSERT INTO sale (id, cashier_id, viewer_id, movie_id, date) VALUES (1503, 308, 588, 315, '2023-01-06');
INSERT INTO sale (id, cashier_id, viewer_id, movie_id, date) VALUES (1504, 337, 543, 286, '2023-04-06');
INSERT INTO sale (id, cashier_id, viewer_id, movie_id, date) VALUES (1505, 288, 572, 295, '2023-01-12');
INSERT INTO sale (id, cashier_id, viewer_id, movie_id, date) VALUES (1506, 315, 536, 304, '2023-04-01');
INSERT INTO sale (id, cashier_id, viewer_id, movie_id, date) VALUES (1507, 273, 587, 292, '2023-03-13');
INSERT INTO sale (id, cashier_id, viewer_id, movie_id, date) VALUES (1508, 301, 582, 295, '2023-02-05');
INSERT INTO sale (id, cashier_id, viewer_id, movie_id, date) VALUES (1509, 273, 600, 296, '2023-05-15');
INSERT INTO sale (id, cashier_id, viewer_id, movie_id, date) VALUES (1510, 346, 594, 305, '2023-03-09');
INSERT INTO sale (id, cashier_id, viewer_id, movie_id, date) VALUES (1511, 318, 587, 316, '2023-04-07');
INSERT INTO sale (id, cashier_id, viewer_id, movie_id, date) VALUES (1512, 294, 561, 300, '2023-01-01');
INSERT INTO sale (id, cashier_id, viewer_id, movie_id, date) VALUES (1513, 341, 615, 316, '2023-04-12');
INSERT INTO sale (id, cashier_id, viewer_id, movie_id, date) VALUES (1514, 290, 571, 287, '2023-06-14');
INSERT INTO sale (id, cashier_id, viewer_id, movie_id, date) VALUES (1515, 296, 582, 298, '2023-05-09');
INSERT INTO sale (id, cashier_id, viewer_id, movie_id, date) VALUES (1516, 287, 609, 303, '2023-05-09');
INSERT INTO sale (id, cashier_id, viewer_id, movie_id, date) VALUES (1517, 344, 567, 312, '2023-05-12');
INSERT INTO sale (id, cashier_id, viewer_id, movie_id, date) VALUES (1518, 340, 613, 281, '2023-06-11');
INSERT INTO sale (id, cashier_id, viewer_id, movie_id, date) VALUES (1519, 322, 590, 299, '2023-01-09');
INSERT INTO sale (id, cashier_id, viewer_id, movie_id, date) VALUES (1520, 343, 578, 292, '2023-02-06');
INSERT INTO sale (id, cashier_id, viewer_id, movie_id, date) VALUES (1521, 285, 536, 291, '2023-03-14');
INSERT INTO sale (id, cashier_id, viewer_id, movie_id, date) VALUES (1522, 313, 594, 278, '2023-03-03');
INSERT INTO sale (id, cashier_id, viewer_id, movie_id, date) VALUES (1523, 337, 561, 309, '2023-05-11');